-0.622019548036621,6.14489114177571
-1.37618916786144,2.71080949541685
0.220203265008646,3.92625824785773
-1.79838768687966,0.272897292345965
0.650742882919764,4.44212380629874
-1.22473927479557,3.96906728683491
-0.590262771185652,3.66075455903466
1.48706659334171,6.36386729715541
-0.541922629712344,4.23521090101970
0.799756555455792,4.07317584066256
0.831522621317644,3.06354756165731
4.97382924805926,-1.24608449034874
0.569577245446202,3.06000271275124
1.11152049363918,3.75968918859562
1.67465666207334,5.50309102639239
0.638423370495004,4.82595002203083
4.25260929787373,4.30503251581916
0.788051858988746,4.62681532878662
-0.701019548140210,2.88767983307212
1.26787427868798,5.14309883434888
-0.589372218594621,3.80688660099302
4.93492064656345,0.140373113042271
0.0763747116292187,3.73261506862261
0.103138180899597,4.26099296759873
-1.50110154735521,3.56294637855043
2.91634632384213,-0.781919172229733
3.79804552116997,5.02995492500102
0.971287924377408,4.39294729032061
3.64189463491697,0.794074758626350
-0.251984584707299,3.91706900949474
1.46068055133043,0.0101717147050716
3.81846967185955,-0.816404861758774
5.47999767747691,-1.00725238473282
0.872994227067811,2.72165628986544
1.14459938239631,3.64550818108704
0.119313724613915,4.26232713219463
0.493649564764997,3.66070799309277
3.30756245451004,0.448655635234290
-0.263002854650326,-0.592089868755941
1.36650270715837,4.71895651879649
-0.717377808591173,5.07847121416962
4.12067497829192,4.05742310790001
1.70074235253755,4.79195115728748
0.416232592619521,3.43052974110143
1.11338675340974,3.32018771091231
-0.619581160065081,0.467427835789546
-1.59741114875071,3.62898755935437
4.38911404641997,3.76041369369644
5.34442199011897,1.43473339665816
-0.479463775298869,5.93720534953806
0.798280311196121,4.53216371934373
-0.493961603917154,3.16545637392419
3.95395579201753,-0.292759892866375
0.860991282503369,5.09408295674940
-0.594974978466584,5.19182163627359
-0.720956832897814,4.97136023577944
1.29353810577844,4.65961332345538
0.593070041423310,3.75594482508790
3.37639869940594,5.07190681718292
-1.62473786647191,5.49085666102925
-0.377592088795792,2.67989828032015
0.574686136163062,5.20626984131958
4.78126192265983,0.171452673937172
3.69877284787099,1.28847574976517
0.585821308790776,0.500348191017126
-0.705167722713187,4.16441759501991
1.65413476469590,4.16937255015282
0.293339007221603,4.53760403414614
-1.25850509562258,4.49055236480790
-0.102663463591861,5.11257112332114
0.192289329537171,4.91133270999210
-0.192207377713034,2.94293234280524
-1.62770694830617,5.28068439696860
-1.74066462197931,4.86289027121755
-1.68157430661963,4.70607752446192
3.28266460207486,3.70111110315545
3.59377646207862,4.31917910483842
-0.111578447944456,4.69402348907377
-1.29689616210801,4.55118329440355
4.43836356310317,0.278946922653044
2.87992944630000,0.0364986913742376
3.69100533546274,4.08078449379826
0.142611122522739,0.511394188401604
4.85589269437116,1.06162080198240
-0.714080032052468,4.35123903535334
-0.462073880521020,4.38664356119998
0.526766843737188,5.10412311075059
-1.70909927383772,3.38760435750344
1.58209118819615,4.65631925287426
4.64998298229236,1.27234628321030
-0.594492016486995,3.55101051386417
-0.140331648832124,2.81398162097442
5.22678869939900,1.51189743839818
5.53696598325948,-1.95044550316436
2.58209599532164,0.241144265508118
-0.289736988366606,2.63485948427749
0.591695595181721,5.08402987462325
-0.310412627029038,4.12231296420226
-1.27960506005967,5.51505790525838
3.94525865699794,3.45725804048640
0.333109731616239,3.49985550453539
-0.524262318528210,5.51251299038596
0.475427020175734,2.75826278029836
3.39485525070395,-0.641009640732527
0.261612579804300,3.30188052845116
-0.0848851389901266,3.71254911157778
4.05230256983771,0.0111605190054516
1.02454861427804,4.31304283631364
-0.327813615208411,4.38902442979287
-0.149181062109885,4.03101705793045
-0.451279526810524,4.81705903427119
-0.151631195222074,4.14829747388919
-1.04769146572414,3.91824285574529
0.0711715633495959,3.37587157305946
-0.559100417058985,4.18329778620883
1.10475308316579,4.64784094806782
-1.42955559969246,2.96519293915726
-0.144226462220548,3.43064115691467
3.59501029073732,-0.0470026294389786
1.19986246453916,3.52939631079922
1.12242267295536,-1.52439890962671
6.76347512419696,0.126901589712747
3.25013363664755,0.0573601733563922
4.39424434486329,3.66810409230230
-0.105371536404978,4.01069218688462
-0.341354080397150,4.41929258866505
-2.51172308529717,2.18314790013008
-0.575238367295819,1.99456769602419
1.41979549033668,4.18430476480015
-1.28361737333091,4.12804763153032
2.51155343192192,-2.03313274301099
1.61111093784567,4.66446199783495
-0.628224048695002,6.37069755228612
0.0388932195982472,3.98941841407366
-0.686349173274032,3.72845709590109
0.445304689562130,4.46546798014104
-0.674162283916259,5.67468108765084
0.350950990439043,2.41639155772866
-1.53192913310607,2.84356608836227
0.372869871461579,2.52014697106891
4.32946577954095,0.122015093692574
-0.388618481253804,1.97765090505353
4.06376245497391,4.79702955230169
4.02666254852801,-0.300779880236692
2.98754833031563,0.501982362774118
-0.612498777040296,3.98582226328083
4.42404830527652,3.35882174424295
0.0869182996497910,2.10272677453092
0.552627454843884,4.32559533608452
5.04219547290670,1.16198145507032
3.26535631749682,-0.726765274336604
3.27614664149801,-0.0642132891015125
4.21896940518367,1.65983533792110
-0.0445554528323793,3.98325054011036
-0.0560462041019668,1.20483072783210
-1.02932920667712,4.30065555729142
3.60649596371760,3.86069910373890
-0.0556502068876681,3.46108032159969
3.84781871542628,3.86911483063127
-0.0477148565725026,-0.114232467248967
5.55736487118845,-0.267199865979701
1.93443300288684,4.42622903921953
0.286654464300586,2.74642188915561
-0.188777572669432,4.58831642677558
3.02243098234303,-2.03926065434182
1.04055094808964,2.99339713073806
-0.352733308783914,2.42042542039042
0.415882907950958,2.45224210657195
-0.905079900291097,5.41106415679542
4.85559211612232,-0.0287061152675109
0.0338750370883942,3.80089604874274
0.462272573238904,1.83517649521649
-0.857349121664431,3.94318632280470
0.742793373494237,5.79313319327490
0.831509924793866,4.35225442402447
4.82133087020356,-1.35681527396596
4.40144058699947,-1.25449861804561
5.27500826246052,-0.656974233793916
1.37482100549324,5.46559292070950
3.46930625858647,2.56762217224277
3.67090229298941,-1.34828477113139
4.81252285945624,1.10585074959555
0.736722364303967,2.98489180327426
-2.25271414554804,5.63432827682767
4.51651123974420,0.0521848983305890
0.627785363583877,4.42731510727611
3.75464256889041,3.32396268925282
1.30272866308431,3.00467502487091
-0.0312391340982579,6.96405006089125
1.21838192784512,2.74871504660473
0.290382420135767,3.09193789880307
3.95915355372531,4.06649338434250
2.02022776869660,0.331867226231278
1.08051485197071,3.47783736588374
5.51428534773223,0.638281830860679
-1.83104276330197,4.39967144550382
0.170643231792283,4.00148548716325
-0.691217103150855,2.11886005465602
-1.21586105164416,1.26750044464100
3.80379373681836,-0.832669778078805
0.676687675903388,6.30872951454218
-1.95028034674410,3.74584781466660
2.50906330538902,-1.89848336137430
2.04617297132774,4.37459882104732
-0.886732741324320,3.61862748141489
0.516185626464667,4.26388318972794
0.873742593831253,5.82087608954854
-0.141161528212305,2.94346992865920
3.99801917376551,-2.10204424782015
0.924097978566078,5.65073891426595
0.786885660970370,3.35783968109080
-0.210651269916040,2.66393050310282
3.80109540641042,1.41749834760909
0.267790426705621,3.13162189998228
0.339238734739552,4.45863307488836
2.69253624452930,-0.667690836896984
-0.0186104425783301,3.14923110875618
5.82572056016259,-1.15583816424823
4.34860999955989,0.797996427547010
-0.456414081213072,0.454864507960991
-0.0568861609251119,2.50434401900431
0.475128076247462,3.32083327049650
0.218861716267745,0.797961241927430
-0.656292230839795,5.02714166654806
0.235403185114260,3.93146737878073
0.750735577068850,4.58957740195297
-0.121290754777423,3.87874906344663
-0.305962469234396,-0.506576187541162
-1.24425400154766,5.25045971159934
4.42863151058546,3.62124667358216
1.35082533513781,-1.58621755630311
-0.745001234631707,3.98773085455517
0.624546964994921,2.74561404560565
-0.320044505247062,4.14850446256728
0.174924724621940,4.53640020479777
2.76658431559067,0.651013513020642
0.422769490509177,5.12936869302331
5.48188400047918,-0.591661276289847
1.86464534070633,0.492137490536753
-0.722152416806554,4.24985202885939
0.0499747115548204,5.63284459705471
-0.957433441347609,-0.909878645760255
1.25226746589187,4.91946429874736
-0.173775182827879,3.82152046165470
-1.14011094533002,3.85620154953317
4.87569275317161,0.609425854368100
-0.501821992568978,3.44351061351230
3.70848384327543,4.15270814181792
1.80077660776526,4.81618054498714
4.89581931707410,3.88284904488357
0.764399792323927,3.47511207879913
1.31895565582320,3.38181225476714
0.277535927317772,3.26434795890268
4.24803777582766,-0.346136819838738
0.0324158745299610,5.35300672876277
-1.13876913738905,3.80838755017884
0.851054832371827,3.01040316362295
-1.12477716186895,2.50420589060764
-0.617823000362840,-0.256392868182610
2.37269456975099,-0.986318923218155
-0.791958577381549,3.28384382092109
2.78930288835154,3.83501594375137
0.247601978404517,-0.568806838263129
0.0184954246703605,0.719330083297111
2.63045526419428,3.62818857998215
-0.420439174718776,3.52702977863694
-2.39883369593165,3.85939247920236
-0.565903582584209,5.43066146898652
-0.125686172102483,4.25676458289178
2.34206108798594,-0.378230013112986
-0.290159538052241,4.24875746503980
0.191504238838420,3.58590781155391
-0.0434672718172827,3.41115299729603
-1.37860709380041,4.45347890941137
0.0854000993873569,3.13668440947209
0.460623162980261,-1.13663783059429
0.185749056882620,2.62408124485045
4.59691133254218,-1.14028575514071
3.58006774537436,-0.328690947581883
4.42189460378309,1.93440285381486
3.87082380228474,0.0235219690835394
-0.651223581312154,4.54381256984794
0.0181480036718960,3.84135808818812
0.270950262542937,5.55526489784502
-0.723709279412216,3.05747669864409
3.17820159559573,0.841952942215391
-0.392310530488776,-0.333456909045369
0.0614813873611154,4.37242949472018
-0.0129339124118126,4.52482801374541
2.44038421787557,-2.29579896430115
2.45928040232212,0.912129185764023
1.18714091970445,0.982311687381857
-2.03735706296809,4.15157696591072
0.197259645564259,5.08934562764725
0.462022254765779,4.72994222383808
4.33178582539427,0.0777169024399300
4.82199354547844,-0.198510124608657
-0.314915187160816,-0.624867988870998
0.445318574582186,2.89915292036411
0.440248140458870,3.75008784397002
4.60592974331136,2.47455831026642
4.94580618819197,0.753432254488256
4.95048261804098,3.73198276599076
-0.563613958076952,0.863136883179234
1.31735161225760,4.62894666864819
3.79744217287500,-0.332568271046166
-0.888939920946089,5.11948096372738
3.90271983290989,0.676629444348667
5.45196737700192,-0.234641796579927
4.13780367473026,-0.556227796663661
-0.155520335666247,3.26525807321779
3.23080289728533,4.22892606200213
-0.125242346537289,4.79713638511775
1.93603101557045,-0.747416667737082
-0.0361314394731778,4.86692657948998
-1.36467703528564,3.80688105211259
5.07354736935801,0.400219520335527
0.722781294920476,4.82989893496739
-0.648988574835501,3.64665771380014
1.27395795176010,3.66454608058680
0.424401840741341,5.32247430850098
-1.51511740744363,4.74788320026469
-0.866796405580383,4.01393162972000
5.30349419287344,-0.636783937059281
0.379699879072853,3.11762822626577
3.93278499989515,-0.379478553240012
3.28814910063095,0.498528722264897
5.71870730579271,-0.654434253903697
-0.407017153624800,4.50767212483416
5.49379376058637,0.451874008186269
3.67642561311302,-0.265322793347488
-1.04241155934619,3.51324688458498
3.92898337575155,0.351544529915833
-0.493699983517877,3.38344961734477
5.10826581077052,-0.123872451364107
2.35316842618895,0.0653784151644586
0.236040968007901,2.23501439282726
0.112888849248964,2.55704646056483
-0.542641681588217,3.87274660698154
-1.55446314642153,3.74513767634068
0.386409867318431,4.85041170553185
0.652332267862080,4.07574423977290
3.51838717287417,-0.859898276633380
-1.00243016253968,5.87855844910327
-0.692584889509764,3.69319805489710
-0.193772819088362,4.65337454414668
-0.621038744890081,3.80300503277270
1.44014229837775,3.70268619967197
0.448442586138749,0.105346187136269
0.484349923024284,-0.0600180844767222
5.68357371673570,0.361735681962434
0.589727139913667,5.13434711197261
1.61100864866771,-0.325569628025204
4.15414533179012,3.86388211425053
-1.88669037721592,4.73323564672037
0.142515301870262,3.98508227659448
0.906425578678235,5.00404060432331
0.214131937976774,3.18069836444674
-0.759292330710092,3.23573001909336
-0.884035576575205,4.54406613541002
3.42523793440379,-1.14561066293437
0.798865379567055,3.30017573400101
-0.781946769673811,4.34887173007518
5.22680077233103,0.642066485820194
0.463095019515179,3.76780699267948
0.913265802752443,3.91596821965570
0.578079727553534,3.36217924161866
2.71485638019680,0.411099504204878
4.75357021760800,2.08105078483930
3.68784298076396,4.00962083202817
0.444310025876418,5.66755549138267
4.35367638107871,3.45347892855602
-0.0996550356358431,3.56676473565351
3.82363011938148,0.518046230153629
-0.793684030348725,3.43860976041854
3.42606578915721,-0.866614537556431
4.92285832555317,-1.29433976924536
1.86239779075831,5.80094824708917
-0.331228463075059,4.87254486937928
-0.216742251163786,4.25561152689606
0.855668754748187,4.52893875211841
-1.51601213916888,4.57479536056438
3.58184386532200,0.182940093405957
4.05514464734064,-0.266919863379827
0.357575613935429,5.44502515652749
2.35640922747687,0.286695731666033
2.90707631917198,-0.508860964485775
4.74854796272534,-0.568605874194592
6.41940671179779,1.90473277678486
4.01528747493907,0.561815657280029
3.05215175134832,-0.00929219574905634
4.89298877806349,-0.837808632364652
0.476507674516707,4.21759166444115
0.701912643137722,6.25650571198464
0.803576019887243,3.76559711625632
0.666206459060094,-0.0517546330616612
-0.573186814917102,4.81360233650441
-1.50336286599173,4.43286463132523
-0.651075434073666,5.52032204231952
-0.753072834003280,0.302345122062127
-1.70181610365064,4.92780470760867
-0.0640672688148620,3.43857649059883
5.11034547260746,-1.96841539157716
3.34395586437206,1.29466583085316
-0.656111086858806,4.15663775406666
0.0248335870583940,4.61502570129518
1.18614316504577,3.30367042481674
-0.766618234173732,2.75454356853896
3.52537159517479,-0.324528104496170
3.49410074310745,1.37528169696659
0.911575434286702,2.38666976835494
3.27078642735982,-0.199370042212437
-0.776075564114716,3.59910820022101
-0.178025075236594,5.52399252250620
0.156165372834790,3.93136359066330
0.0679352867095620,2.34348479148414
-0.782559738441840,5.02014137222880
-1.11122879972471,4.88596560975099
2.87683262574503,0.976852795725769
4.05915952149121,-0.0382901911602248
0.115757662694209,6.39314467033644
2.25438348306007,6.47687492824875
0.248313982908458,3.29224114101702
1.53570906815305,3.73412539171975
-1.30337966070619,3.10263949286263
5.15544838127412,-1.05551840313528
2.17026113359477,3.53357034773082
4.02629070148566,1.06026848224248
4.48477660480354,0.763745878280000
1.91272778457203,4.63611085973279
3.80859467598921,0.767784352530094
-0.567036524041860,3.63540722870917
-1.77345586473824,4.64429857587980
-0.183113989224241,4.81041439847800
5.09227046435193,3.81468188375161
0.274780289533444,4.08612308511145
4.23556319340922,-0.284186564540444
0.830703705144891,5.90505853815586
0.268360837865140,5.25648790681010
2.94979129954335,3.98728120215957
5.11948466293606,-0.549913966175476
-0.770472310497207,4.12411923187366
0.243528377199653,3.42093887017179
-0.401456618790230,3.91056230800379
3.73507123347536,-0.565761486724849
4.25102014378148,-0.0439421968116285
5.06356587858376,0.108286943249847
3.71558823805101,-0.395443406774404
-0.171988051712454,5.14194511710567
0.259259142100272,4.80563295465047
3.49681981784284,4.02766190074046
1.18461683452516,2.73737227477387
-0.00905446990148048,4.98046127683980
3.95662671460386,0.495988864186664
0.279386902268210,3.27962384655263
0.427041539944542,3.64855140838527
0.220983933253395,5.08471420765061
-0.967317177715717,3.82764559069412
-0.875976439996209,4.54147213961057
-0.0564329677784862,4.12019352140160
-1.04594955235075,4.57601081431734
3.85190300242036,2.00885503615045
0.136386745658885,3.63707327790975
3.45879796172248,1.12790511067607
1.09163850074735,3.90129156851686
2.55775707171586,0.0745765899466613
4.28718297524433,0.0470122150426095
-0.569801793678892,3.16591684681281
-0.732720347846087,3.89101961860965
-0.0333650304098549,0.0223288795808777
2.89173072902884,-0.640346592239217
0.900359404444322,4.32600966979887
2.09799723106292,-0.655850066104569
1.79793546028009,3.04253195075742
4.91603256142641,0.174796272669102
6.17283306348530,-0.375922114248457
4.77650826003007,3.19376155864818
1.80880664924365,4.55605810357424
3.78403146060208,4.39769388717632
3.91988219281331,-1.65549136268910
2.86232831767062,-0.511108249282751
3.27542425835226,1.29161949321894
3.83280426790860,0.981348603288659
-1.11191738291707,3.92943625085489
4.31843876663029,3.95165510364031
-0.762055256920122,3.39896597877925
-2.02433067101053,5.66869307842073
4.55752353056330,-1.37539049940274
2.90505558346937,0.565065755047483
-0.792621969459846,4.41422607973354
0.524044233919857,3.23474925819016
0.651159480002352,3.68471266251003
-0.0946137067342353,0.0409696713602659
2.80583814585046,-1.37882522092166
-0.298671005943602,3.84559030430063
-0.140085447741881,2.95538676927476
-0.400884385471386,3.52316136731424
4.01013283672831,4.48904784330417
-0.801030411082779,5.41642705458016
3.58485316389672,-0.840830821829525
2.04328634505553,-1.27629591005470
-2.24689705212202,4.32542092870587
3.17748649060532,0.570581929248908
4.71358417887290,-1.39271608936401
5.35470103751489,-1.73635538638550
1.01066945915857,4.52100071470835
0.984008372932929,3.25215458266573
5.05731338576393,0.225069857123891
-0.930270326397216,5.16685008110075
3.79813783004507,-0.236130193085843
0.895360539259849,4.11870362677166
1.15070191062909,3.16807978243255
2.36701560106892,4.66782573124748
2.23498717362749,3.96172289144478
1.28143520244031,5.46689044467230
4.10645346420063,3.26195426876559
0.307471641706186,1.61235996696471
3.63132808243456,4.03214347840271
0.804221998441345,2.84389246082109
3.13418590016097,0.972608660834704
-1.08847999618743,4.29229453828339
3.01158394581028,-0.463638723132301
2.77242051736361,-2.83391418887357
4.47318825857461,1.51206092004014
2.08582765928330,1.90220836646613
1.37524701869850,3.90113910669010
0.896904831336263,3.81169147609977
2.91574723673300,0.157161981402717
1.72843582613369,4.27326256701473
1.00819676508202,4.56771489700861
0.862024248677553,3.70670001234414
-0.320066511289808,3.86574648689456
0.204524459336275,3.65092735630527
-1.25852703721164,4.79130591733656
-0.903278353427492,6.52774889494090
0.380155498529898,4.54242104828357
0.497486594209392,3.49921168430337
3.13314399910249,4.05761953753779
1.49236273641067,0.468327091238022
1.05632604222634,3.38352183693078
3.32101650746167,-1.51049664719808
0.877413917348763,5.49267612769747
1.03358454159903,4.47505999219506
-2.01493395603723,3.65520279273682
4.45427267751783,0.559983206848298
-1.39766106548532,3.83672245580282
3.98765799372261,-0.919414484902871
3.97823900704103,0.433201957476619
3.40887658643599,-0.404081958472741
-0.259282602408875,5.35971650853112
4.85849295135417,4.14920656910289
0.798930771249420,6.29045441603557
1.61927522916493,4.42198733900211
0.716882647715154,3.73385714028156
-0.734963230419925,4.40331126497880
-0.182874098632901,4.65788842971317
-1.15926172222732,3.56420720652988
0.468971671182075,4.15158656933355
3.84150004983287,0.864944604259687
0.698684683559480,2.02017632848950
1.09798099793004,3.00727598536224
3.25197756527504,-0.249096915475834
-1.25499182386109,3.82763494270696
1.46851766147375,3.31174420663752
0.450585632096074,3.14825561123681
3.40991908227280,1.70743690377690
-1.04553431363867,4.55471976157734
4.17689442403013,4.62629850509630
0.450036103379313,2.19533438375605
5.43807254363649,0.353316792856398
-1.49952176260500,3.17910293131296
-0.223067621958011,4.62035038876933
3.58872864767967,0.905500967149378
0.763637185071473,4.26065154752250
4.07406143363447,4.40086405461008
4.43990364498538,-0.0528081659665092
2.68073731382371,-0.964744275964830
3.44887169574106,4.13856749819982
0.208947509897575,3.10523223637607
0.0557401782487366,3.65226184835765
3.68567539416346,1.84941015307428
0.381602583200435,-0.433901419269128
0.509542791140099,4.97795984877429
3.58942078596088,5.20773343949141
5.05163595861092,3.81852040876653
0.717037869063088,5.22688462989594
-1.82562999061536,5.49916636639100
-0.00424285146821523,4.07924286121495
-0.0538941641675254,3.18909598557702
4.07378610661851,4.36926375945798
-0.355572782425664,2.93361301930158
-0.639607870175510,4.14895435740746
3.84665279334764,-0.424155154448627
5.40111521324464,1.49758338230356
3.25140126453845,4.23120707393468
-0.239330287621680,4.74842593339621
-0.904672197836679,4.70662732677013
-0.200153151166800,5.03707903020637
1.39979891654103,4.46780554779564
0.708511623887593,3.70840641697130
2.26973143096056,4.76936780700321
-1.20528607499114,2.95341563467858
-1.59293066547801,3.35520458438890
0.114415120357246,0.0355976033719420
5.26071695835571,-1.22737540427742
0.00937669205243234,4.11986340621358
-0.196396502364453,4.63365152078435
3.58041474587491,1.02916893876413
0.337949956874049,3.61668553001707
0.550019936908145,-0.175166508285614
-1.35991669089614,5.07878239336972
-0.937705857253494,4.84107184902683
-1.11178080777282,3.12334004548016
3.96976223596989,3.29664393086661
3.23361568558311,-0.542418232093415
0.326461408874513,2.94357971854329
3.45670522907997,0.248429352702400
-0.414853590573063,3.00713103853572
0.355696135955183,5.01709526432058
1.35992232753321,4.82677656920818
-0.747836627230526,-0.0598751075344968
0.252475403838730,2.45963585969144
4.88040801273476,-1.15607797748067
3.32356561576116,3.11845936536654
3.55355045688242,-0.113828674421509
3.30239677482024,-0.135536160726250
-0.298975507709885,4.02939769556767
-0.0528124578244969,3.93440442653518
1.32490572508545,5.17360062814155
3.71318423492250,-0.990132841596655
3.32087255993442,0.817610604003523
-0.179373942458073,4.63555836819554
0.776315167714868,2.86356944887679
4.83521800846293,0.523968861445227
4.44254408420326,0.0159566657634259
2.84824292328574,0.452303245810628
3.07223538494897,0.0514114753360249
4.73966986688111,1.18468643767068
3.54079205678781,3.55096427097327
0.627319603101681,2.92002657080403
3.51178314330072,0.583283432556532
3.60966238212986,0.660348224515133
5.46341575202015,2.18387539763955
4.44067417532107,-0.403990342474608
-0.943355094543483,3.31293888867586
-1.70402708443172,5.44885439022299
0.759593791770048,5.09864767621052
-0.823614408983813,3.07022682012966
-1.96380693670654,4.51366090268459
-0.861628779689115,2.53217055582390
5.38309702610799,-2.50842622043794
4.06584509884755,0.884547872730627
-0.772788792673012,2.46398578926636
-0.757539038906267,4.03286451881941
-1.27518787152110,2.33524663635875
-1.23060960395874,1.98739925820092
-0.577381121063422,4.88212572764964
-0.598952176417750,3.36892154275436
0.359723591502574,4.21401431206758
0.0909795356174097,4.08222965486633
0.197131956024085,4.26784724580174
4.62610363552549,0.479358106210421
3.30445649050307,0.854777102161660
-0.129435434865439,5.40851521466820
-0.992630565451375,2.20684378813144
0.0518744285961782,2.43539350255136
0.398157222629966,3.58731958312285
1.83389585205432,4.09177363629836
-0.630382989998148,5.37272933503644
-0.205771178481444,3.26919217356304
4.18901524311080,3.68776983173262
-0.200214601212551,3.19208621040208
0.831869061770466,4.95988690184099
4.21088212461447,0.943372521017837
0.789364153362212,4.20716339462725
4.33170512523887,-0.663344073264650
-1.23492521950279,2.77871215121543
1.54238319666945,2.67003030327624
0.202319290716527,3.50055666033653
0.415708726635084,4.33916606061536
0.254704169425894,4.56261606890079
1.46096058979240,4.34422428767416
1.93696820581901,-1.30413834983755
3.04361238801747,0.427708838366349
-1.18321396874609,5.18317228208266
0.844280555145107,4.32919066447533
1.44888097323875,0.940320789915215
-0.247627030530772,4.57769015828282
1.91008990573910,3.66473876244839
-1.37373858690863,4.08461169962420
4.57251912646466,1.42465762541781
-0.793973090071277,4.18735687434940
-1.17281607570689,5.32230306273082
0.821322492124918,5.06066539884692
0.267775485065728,5.17623487689376
3.67229634655761,-0.191091905166698
-0.0298042728001036,4.68023159962868
-0.654007470372883,3.93310929901472
-0.344755452420922,2.26096946044456
4.81748360143540,1.44630306286788
0.629305656574293,4.90625190966883
0.652485176773193,3.82757358581913
-1.00684108606123,4.20501543113693
0.837387511348125,3.86339970669519
3.25111796572080,0.471774753915477
0.444043518755445,5.60757505637510
3.00896375608400,1.29419633995722
-0.0971073516533872,2.17234082849006
4.44173512630936,-0.333217633671712
4.51231118954143,2.34284148269725
0.281119727094002,4.72316293054526
-0.329226460949711,4.68218698629251
4.30882168998799,0.838658022127281
2.89861792150553,-1.97468059553887
5.10506550149160,0.203591422356431
0.620436293351690,3.88179267326698
4.57409638839865,3.82434562974183
-0.758735988878283,2.94741927024661
0.809517638150795,5.38164519425310
1.77790475098954,-0.379001405798080
0.947417520422772,3.58945404659250
4.25053338189250,-1.13800529016628
-0.535508421016824,4.35451247839552
5.38232945930375,0.0856262958603953
-1.09956662125069,3.54495169194625
0.839125339776675,4.17638609564146
3.96789987934922,-3.17526618051754
0.660679078653095,3.88070298776311
3.14777299903050,0.839730197419854
3.93251322702407,1.21920283888172
3.93970778485115,4.30992892952395
0.239484029927963,3.65608260503939
3.53482344407109,4.96996640039663
3.51885356264781,0.810415911028930
0.0219784432024425,-0.954119862588984
6.11855241732158,-0.809893003776106
0.219543132416722,2.11552482474267
3.87120374124883,4.04938146833958
3.20078893954241,-1.74942281327391
-0.835103346029864,3.08648003854733
0.672032662287042,3.61798519931983
-1.09504841676690,4.05319449315952
3.57429210216034,1.29491782852892
3.35390481998931,1.57351688388229
-0.103353766118716,-0.496295443502249
0.923547380049315,3.47803647932506
4.75097525346860,0.570015497011505
-0.460818565246903,3.67963542155247
3.86442464963946,1.28133635508150
5.14210630471157,-0.937481388538592
3.33425296054451,0.305934525201223
3.02615600536186,-1.66106434903842
1.34922288687843,2.23579854015600
4.42971239906651,1.23988497434730
1.17859238312232,4.42797118542779
-0.287740141741500,4.90736255565631
-1.55960557326302,4.90328200665783
-0.735112894738252,4.26896254377600
4.53243694868696,-1.89004176266033
6.27036217025730,-0.0794043579274447
1.01608744126086,3.81057532586191
4.37229768436711,-1.25428621727681
-0.0885236290776246,2.92475216920455
4.10227654662090,0.171218088797603
-1.34596227672386,4.94388546928593
-0.336426653556841,3.04032474477939
4.29895625295575,-1.61550723945512
6.00028022732537,-0.478086250938318
0.411926293476778,2.95657696425339
3.80004069646806,0.831835507432682
0.874004707982147,2.69656545900278
4.54649210368798,-0.690341263100942
-0.0715075373335469,-0.432814889542977
3.16978902298969,2.27177323939969
0.739010720747168,3.61597580307297
4.81622581444987,-0.975794578874240
3.05751864517524,4.04898632073718
0.688614851212033,3.78290927496072
2.54488754203241,0.274617749751897
2.76707972406116,1.14577967145581
4.07172258157940,1.00386449087926
1.57197048988428,4.21726844808450
4.55348890025009,-1.65174195883820
3.36410199019272,-0.682828185675597
0.783360472733346,6.28876471451296
5.03637345985900,5.02388867754753
-0.0442448666772665,3.93509353690316
0.413929025593360,0.153577082291084
2.59603216666505,-0.0729775997924423
-1.41869168646204,2.74427965188499
-0.619903727042250,4.20600544041459
-0.100454729111335,0.497327928054856
-0.857667322227848,4.58564212388878
1.11282937002640,3.47744473245614
4.47507049083605,0.200105281536219
0.374298628208857,3.58645063761905
0.824574418105503,3.06067976021700
-0.540165951293977,0.935030057814525
1.25004071607551,4.48685740381981
-0.574140616232929,3.80675129474845
-0.200794736395181,3.84451148731629
0.681441590712490,4.53600275697568
-1.04826432049134,4.31427465736752
0.342039683144915,3.42439289298100
3.43041267112891,0.608885176958976
5.48846342164643,-0.828693521058218
-0.418736506418127,2.37352704711111
1.59793477271522,3.73609761500302
4.61638254955780,3.46819025766022
1.99119424735536,3.58936309313296
-0.363290481921236,4.51206323817888
0.454198060879516,3.86011734507534
4.40997973444968,-0.567702418058005
-0.670274723754833,3.26174795616274
-0.315534141852302,5.86398872937934
5.12967557239608,-1.02195697710703
-0.438584657871248,5.17569308526645
-0.171091791694752,3.86842735640945
-0.721214669447278,4.59334345051766
3.23916219058916,0.980417047719224
5.37607572108711,-0.541568320375871
0.661435970491263,4.89653690753932
3.47167744521599,0.378119223356172
-0.871200100385276,3.06143105832152
-1.14086659871147,4.83994240511384
4.24861977529877,-1.01596066150807
-1.34982019267164,4.90943782746190
3.02716542246691,-0.0383252677870486
-0.0875312092099013,3.04300733993677
1.86543137268142,4.32043424119317
-1.86942035159353,5.26462858807082
-1.16919866481902,3.00275023602079
0.360705020245743,3.43473712531689
1.18013614280056,3.09345841352256
-0.154921163042953,4.56556755709690
3.46732451072615,-0.720161328582990
0.160454135418348,3.37079051649757
0.316646062143695,4.14778666601754
-2.36606913905604,3.01056297921315
4.67928392992465,-0.384278707856868
-2.62971286673970,4.94187798730812
3.35229161126254,1.66644792969724
-1.03988958000546,4.95433966831623
0.594249901454640,2.72497409572979
1.37231511555169,2.49684126185543
-0.352632345644445,3.03190754122842
0.913417032871530,5.00498381349864
5.11461122129967,0.241545461705122
0.493657478038201,3.62015032939386
1.38155141193221,3.38398280207318
3.18479830713539,-1.40885865094088
1.15736278485793,4.45130135572150
-0.824876938430253,3.16170803808803
3.99118831071174,-2.04460887038057
4.60002794456362,0.0829344318897131
4.14014294071508,4.09402879615577
0.262387341353650,4.78264620209205
-0.0750804434920463,3.92407133845177
3.06455694047772,1.01403268077934
1.18835005698581,3.24724981380752
-0.0726724159501167,4.70203410305991
2.66250501015747,0.269108528548382
0.729798167131236,3.78912677936104
2.18492829370271,3.36932897673364
5.29282690840588,-1.80289980911735
-2.01115964497508,3.94615798133333
-0.00647392280208832,3.74888659062179
1.35914765831349,5.22647684195792
4.72936336080189,1.07744717757622
3.11378673600759,0.261388059631741
5.49552275489706,1.83964904699536
1.21705888148743,3.81439817619111
-1.05959359922200,5.75315178759103
0.953728185959126,3.06487255079966
5.26908478450711,0.932077815886704
3.75734523871299,-0.675653820667101
-0.508949699191513,4.80852887715006
0.741265540245746,3.95195884201196
1.63390204376996,-0.614078765509206
2.99883365791791,0.610723916699953
-0.145625122307405,2.92218267692868
2.48302921701122,3.95086133346199
3.84881701792203,3.50707137474611
0.455070482495225,5.55295189622022
3.81155707267357,-1.02641149846824
-0.0928394848214053,3.39018959742814
0.790716594500500,2.60956200853196
-1.11927585260320,3.48769106196440
-0.621850867406144,4.85182596526788
3.54239949391847,0.689567345163740
1.08384225940513,4.01990204498734
4.24164819405480,0.435707473016623
4.37208628127681,3.74587120671797
1.02066621968788,2.51036484918047
-0.203035911975764,5.37905064861820
-1.21493489693107,3.57935530524753
3.53737453559096,0.828061064992207
-0.0199679460927534,3.56806185774157
0.468215260213206,3.24562835508242
0.711956412131220,4.13852659780369
1.38101466234045,4.27859046676368
0.0965304903965235,3.54145554203175
0.767431512367055,4.06713001893390
2.98194337872558,-0.825163196435259
-1.57740855646447,3.66330228206855
0.0696452281775700,6.19631768340523
0.344236078639516,3.17582296907233
4.59314468356032,-0.313968495159156
0.220151183381833,5.20649260696442
-0.923283388946734,4.46135312640976
3.12212971862311,0.212648829970636
-1.10644550671736,4.53868794651718
-0.384688837566107,5.26114512753661
3.70609636837531,0.666992431147576
-1.60724978683018,2.77391947967422
0.312655601895931,3.67246274526066
0.552012698992864,3.94100564380640
0.440833744886733,2.45160695307362
3.81423493420777,-1.46369677211452
-1.02452139341083,4.78440140859369
0.792552825743314,4.53713377256503
0.184550325404501,1.88162587754050
0.983576642633734,3.55172812841286
1.34250324056246,3.25342587277757
3.84257659165230,-0.787451203259238
0.329326347993860,3.17595842095657
-0.287153678805632,3.51949071050554
4.02716661704447,0.728790572704651
0.663927961180701,5.18960054662088
-1.26620425221803,2.34472776283807
4.53006823670473,-0.487779622797393
2.15837466084041,-1.05794503358808
3.54364023464037,1.05054596961043
-1.48576764494395,5.17646372972631
5.26135881774026,-0.667487733960058
0.221286993205970,4.97478752702811
0.686957393286744,3.97331209725776
1.12263978346325,6.22478484785872
-0.735345534793129,5.99229852607957
-0.812982051501088,4.54011059304064
-0.823028746037639,2.46039408028792
4.41069770472230,0.490055181658111
1.21874150794353,2.86628035808130
1.40315328608853,5.26251343034230
2.86706381795595,-1.95053176137487
3.80647852471600,4.23543305750094
3.57792265001329,1.38426338121906
0.867413900682802,2.42074838790578
0.757516924225474,2.64659925866367
2.36500611691695,0.165793540821113
0.793590947640183,4.06059404805106
1.29262616872650,3.67423975728294
0.0598934931896414,4.81123314847200
-0.514644177362859,4.21835867925543
1.66057394415224,4.67166186918661
1.23393456389240,3.42960066407286
-0.162706134543291,3.20480122034721
0.793095166647203,4.80830394057519
4.00255670374127,0.899631646597334
4.16780917549537,0.154070427334255
0.804721677246770,2.73958404295049
-2.81661136678347,3.39723106560282
5.94521803417793,2.42525255691260
0.165365200423200,4.72081102861709
2.59361496810632,5.10147491684895
0.666063792325918,3.83097934040763
0.446894266954847,3.99335887096284
4.40442743247071,0.691060056480358
2.41475321174310,0.426411907696924
5.53459744583655,0.782800282279694
4.50308862864475,-2.44553732683804
4.27821697363863,3.97177629104156
-0.249242620365851,2.50600036828260
5.38047379738287,0.302796471689882
3.84092292095667,1.30588546643464
3.94248948759598,-0.287146218114711
0.831231654917933,5.55958886619600
-0.323038473438986,5.00453566837206
0.241514875978182,2.64863606357124
2.12256925634404,5.39866285603262
6.74678656157547,-1.22987904981458
-0.279565583622710,4.64104546363384
3.49143705608996,-0.391871195223340
5.34879183419183,-0.950551105851713
4.98187493663401,1.57607760191163
-0.0343686081416129,5.08439937269826
-0.0618315545201717,4.32524205329893
1.90956220377782,5.74249357664756
-1.17188228389548,2.24286180548280
-0.840134364663139,4.17837808981234
-0.137385109493637,4.18900058510340
2.35703178903589,-1.80854221928131
-0.482400987805913,2.54342752471241
4.42455713014495,0.244984144887230
0.425154254914834,4.61713349691934
3.94695559937895,0.240536653234431
-0.426893685507686,4.00254025433167
-0.131905464198583,3.88798264193501
3.86048759223255,-0.356401951261950
1.02212796886727,4.22573366709753
0.0357096037636757,4.13270688868231
-0.717810203641432,4.26474098686195
-1.20919066788681,4.91160299311067
-0.985568940184763,3.17110947523440
0.506426998755098,4.05712108256545
5.00070255528568,-0.729995498907964
-1.75115782992658,2.78302977278309
3.44788762362746,0.518127681622573
5.08852499492352,-0.384178213760642
0.309710594320784,4.70442168217162
3.22915829036030,2.93161336467121
0.560812146428431,2.97103625416970
4.13263917087287,-0.857947386891212
0.372897614103851,4.48191620043234
3.85493143796366,-0.914654766497972
0.762052990662111,4.13429277008528
3.14636478815835,0.265935726672043
4.58348512453434,-0.133209358772000
0.285318116275604,4.77707110176680
0.0108592805446316,0.106259149055810
-0.484848552792313,3.18068651206823
0.329335797842393,3.42502426065080
3.17201422106462,-1.88898335424994
-1.86265997718367,4.90018731326810
-1.44005197370781,3.22785935640488
0.650382693349323,5.12818417333312
0.0671739065269299,6.61496867651051
1.36121082322875,2.70615809283834
-0.178079949639644,5.95824458918364
4.07132341709617,3.99180118384111
0.106779386307793,4.46034863931079
2.88175922383705,0.492199108985513
-0.968133181305123,4.45715476063400
0.354595689313889,4.73574432385750
0.206741646658227,2.95448113862404
4.32007453082305,-0.367917292857480
-1.50360709162234,5.21806444133848
4.87815494597876,-2.09215585083804
-1.80771201773351,5.09995211790869
2.86983563194701,0.722854812514870
3.94374701332232,-0.854859762897454
-0.296405415294740,4.01410295786004
-1.08228202795082,5.22731009494776
-1.01585512836570,4.32308317168973
0.0245357640453961,-0.159782599634430
4.07819982206007,0.602863252187311
4.51160112968046,-0.991529983482742
-0.0548059768565387,-0.368954857682702
0.863373848368405,3.58617804044894
0.0952466286066698,2.29803492823794
1.13392074476327,4.42155719119732
-1.26011237113600,2.61434960020699
4.09956511149422,-1.02466720587804
-0.739984694512473,3.38210993678456
4.17934770466535,1.03885259543922
-0.945080882868997,3.61277860568462
3.20271412383725,-0.496434801492610
-0.165582966396245,3.88207784268672
0.788529446598457,3.43030962318336
4.58045797670379,0.272298493411086
4.77159511659138,1.72186077457302
5.40009798782812,-1.08957450811036
4.43826742904676,0.284648503294247
1.70482118214837,5.08568328667692
0.707355185603342,4.19749378910392
0.0572655751169264,4.07047381707623
1.95572005066227,4.32862807283897
-0.589982065730416,3.75072926590518
0.705541037575401,3.69674456331047
4.98118953350347,-1.57784136222467
-0.500641484066032,3.27693100639556
5.50509451791996,0.610076628902374
3.14154124962146,0.171262952419700
1.56877536309427,4.64190697241438
1.44635506767588,2.54112776906733
4.03491491124665,3.88648784807099
0.416699927564286,2.68935171572062
-1.20885933938079,2.57090998255913
-1.06100357225956,4.78478581287522
-0.143290361211858,5.99567474487196
-0.424181743968020,2.99635699243965
0.981091539408707,3.45587416045276
-0.657993680625634,3.93639808731984
-0.108259490823562,0.259301373827057
-0.526438500491517,3.88713538441680
1.66137271270636,4.98752785850606
0.131730234095047,3.05685017718778
-1.69752517341981,2.10431801408724
0.218687832940558,4.28481644013638
-1.29037464083976,5.03114014564832
1.34208577178738,4.43238008822560
0.315716427402438,-0.969587945589052
0.844217866400875,3.81424252953727
3.59921869049811,3.38697354774169
1.99478699619294,-1.27956887263691
0.440301808090909,4.55924625818102
-0.244068901902277,-0.0531675966902826
2.41385948395304,0.201247370756605
0.356997649619435,0.450627296333970
3.65617728746962,-0.168046233435334
3.26159441466971,3.87514361161689
2.00631808999365,3.36663109122482
3.95352117865196,3.63667800792785
1.59820913475919,4.06428948476152
-2.21004065575505,4.07207015191122
3.53216318385340,4.20793445244616
-1.17598524622835,3.43565614818647
-0.657608554430898,3.55695332954667
0.414024922353078,3.65798628670708
0.162690083490808,5.70434888847333
-0.444972050719751,0.434941048613337
3.81342577853276,1.49580478968555
0.994946877038489,6.59880645404731
5.93587924623050,0.687545622119323
-0.287676235472255,2.46114840825574
0.651199643585174,1.12675004803853
1.41150084740306,2.46225103054108
5.43217108779045,0.720793766834819
2.86053104605966,3.44882979240971
0.150402006578763,3.78494527621468
1.71695598448584,3.66194529554309
-0.205521424915823,3.65750688907739
-1.77850097428364,4.65430770491440
0.875929991332301,3.85127654454192
-1.38989992624678,3.27083309369600
1.26537378443836,4.76061066458801
2.90186595406910,4.66212113555516
0.645246274251978,4.18758863712534
4.45696552478760,-1.33411600283999
4.96557400431657,-1.15021029605820
0.555939873005802,5.13747979219401
2.72631050767518,-0.734428892863124
3.39688600017665,5.24145142057647
0.309784139970575,3.58802265881630
2.41515315629426,-0.682331698997535
-1.87938389269294,2.63493983372013
0.226403873975747,3.04030007816603
3.43269130178097,-0.814243005618484
4.01284064740584,1.08365653299470
0.0785896620322466,4.96353342588857
-1.97879153775110,4.73254687948828
-0.243657620827374,4.33525167359693
2.87834157896117,-1.91720060595497
0.378932019522411,3.14899256891055
-0.272357792178831,3.45248430443137
4.88741469982098,1.54078611177515
0.742138386000738,5.01697641668761
0.951456776274490,3.40995273414168
2.88151703433793,0.0768531703373708
-1.03995442855419,0.426327175777046
3.54985352379880,3.78988961655224
3.81714825058300,0.560984803290939
6.00244169313476,-2.38748013772891
4.32795504372683,2.75265356027929
-1.75312282214839,3.51044831735441
0.571912429235502,5.19897310171737
2.75029195811646,-2.47165084438270
-0.292763820608809,3.44096774637650
-0.555624097504062,6.21078725586179
-1.11056679341473,2.44345511710940
-0.785795156268076,4.49920364906752
-1.45784945416796,3.88999040974017
0.749185220596851,4.60127345929481
-0.634128239380193,4.01252168262686
0.129936623017652,1.60039075926689
2.93928461502288,0.594122767568484
0.400499530094629,4.76850168701993
0.359173102897167,3.53840376511329
0.520544934636301,4.52360088714910
3.74710620763917,-0.216523265861794
-0.517496065413994,4.41834048741523
2.43339127526653,0.369293630109089
-1.00395695777916,2.35763681377262
-0.905360928686505,4.48127093808053
0.0589008663147065,4.44867744247552
0.428927225288345,5.68199142693506
-0.837693176249764,5.33369782666547
3.00969319875028,1.00898964852772
4.54801183432844,-0.368013140944549
4.76060593722851,-1.27763099041450
0.140503795581080,4.38822381576933
-1.04999377247472,4.41467347810600
0.450308654091987,7.04674217903441
3.01523216893079,-1.55477309151421
4.39146403245081,-1.79257418376925
-1.39365982066309,2.40109499149263
-0.0383926464333400,2.47436352927114
-0.940478234923217,2.75389122185108
4.25974221865158,-1.72055018741437
3.27209235828554,3.58728104246143
-0.507453928283990,4.09934253613709
0.784119188353584,3.82632039321519
0.515193735810482,5.42358522360203
4.32200044350159,4.41332752917943
-0.268968803904863,3.23272948525688
-1.90539262990966,4.99262335692314
-0.252294586767475,4.20499998164359
0.731811215195847,3.92081801552326
-0.277995351283185,4.08756331992522
-1.36864738936528,3.08812952858570
3.77830456185979,-0.291996174903447
4.33835329614726,0.744012831578700
0.341796596915528,4.42369584043775
-0.428342724787143,3.27749785486258
-0.916948449538099,3.57706451764040
-0.0452710687225245,5.17812498851900
0.973783345428797,3.67186371733726
2.95387161898007,-1.24926337924828
3.27727636814101,-0.724481399509128
4.44987830433512,3.84634365549151
3.58156718016125,1.22119057532571
0.829005434135739,4.46359397307516
0.471721229714850,0.155701875062502
-0.808303928267096,2.46305938182924
-0.104935300363996,3.57104905282359
3.79944294378913,0.450366182463398
5.21295596483940,0.0933943549193994
0.473337475606766,2.92753134599400
3.81503611082448,3.70089881924769
4.60049866512425,-0.384680508451037
-0.324951591680578,3.67475091303969
1.72444251401712,3.36295679180157
1.00413899723625,2.07130020786970
3.59758223969411,1.57584388648976
2.36465052234680,-0.303514181192420
4.15581454546659,1.03411575721763
0.103794042286899,4.22931762244757
3.67704324563790,0.0688074250231639
-0.650041449596904,4.46359393549832
0.742924097759749,4.04435498927360
2.71118024716503,2.19745229854004
3.29153071152046,-1.48450170080904
4.10435771352609,-0.289589918095621
1.50902941244543,4.51786143888684
3.04545346436728,3.92963447856819
3.05650428289164,4.01365081056544
0.900002570783487,4.69201110779739
-0.0590539457791429,5.67862723605330
5.22316792639968,1.07189251966896
0.727738364431892,4.07644600610107
-2.03782611360575,4.88707777387553
-1.04806329959672,4.71416958434631
-1.39371900387997,2.15982900192493
3.58486761814129,-1.48426210866607
0.344932065629277,5.75470551821098
3.98135505935201,3.29806224904156
3.78834844726291,4.69707028508871
1.04703021139732,3.34803715029602
-0.0788857209045516,4.33768465311085
-0.895655073629098,4.31102757214233
-0.900122819518182,3.54644612386660
0.108498470408382,4.80184296584561
3.87325183998888,3.36459964509890
-0.116978760027114,2.71204857727141
0.674319692854799,2.02627262736713
-0.442227309272005,2.74747639900677
2.47657930307353,0.155033784323595
4.47191112387791,4.38808988599323
2.48040897922371,2.65178000804469
-1.99987602837751,2.85452242351933
-1.29262223214126,4.44021123486049
4.37368605518325,0.607817980898404
4.24348177020800,0.0523698954250836
-1.17428977709006,4.39131890426687
-0.688139869773334,4.13933768695210
-0.370286667879534,5.41995831408376
-0.105458307320874,5.13752421462850
4.16328602782459,-0.616292548558483
4.17577079497999,0.404317879105168
3.04443603348268,-1.29537857102805
-2.69672120216823,4.28725842108701
-0.356750546696625,5.93125169317421
-0.799652397945663,2.47602451895657
2.89046203120590,3.93649799219296
4.40177878139000,1.30172418809793
-1.04308657007229,4.12759368921642
0.0741931867874891,0.293267336770134
1.16926044564636,2.98310633066509
-1.49784417928136,5.61150099662761
3.91027813169059,1.05503599255744
-2.48435337151250,4.25243401464542
0.682420965691748,5.13852247266407
4.29712113902665,-1.40484616984392
0.831306153262343,4.07632890044444
4.23072820489548,3.76895378375932
4.55360441149567,-0.538442930894182
3.45091936723118,0.291156938215532
0.226741932876136,5.37024748211175
-0.627123565497808,3.71968306536669
3.17015067274719,0.682829032563938
4.82229391466638,-0.664026223792309
-0.0909975300429478,5.04936265869037
5.42657711207563,0.713020033035025
3.61817193130756,0.773304715699335
-0.597029412262439,2.74470009833564
3.38198357408387,-0.940179423531798
3.99899965593187,0.254585279402860
4.99581411373716,0.710976597348061
0.100686947563101,-0.684766935138234
0.0835783712284372,3.85363107486148
3.24001807849662,0.00873612166814930
-0.733250898398886,3.11409305201029
0.468508966679210,3.62872181888030
-0.505034823772542,3.39693158722145
1.21115979218600,1.37285619754591
-0.677141025843971,4.47480429188296
1.28407569013115,3.63944085391572
3.54275898011093,-0.694015304254851
-0.00945615306587219,4.45970199728750
0.587514058347532,3.91565430701343
0.493624279651328,2.78364340332500
3.53933272701718,3.87296913025621
-0.822656122627219,3.80736654481835
0.199296217376337,3.86724230749452
4.21558144007015,0.338727849004752
-0.971967038829913,4.85327365141517
2.12309984629339,0.213942629648415
0.0423819450278724,4.46934207666245
2.59355129477574,0.621938893951174
0.369192233355931,3.42540284379389
3.61986155323295,3.88181170363557
-1.11130922149487,5.20798038607982
2.25264782641212,3.06759050559001
-0.116309314537951,3.19026112587448
0.203578199269914,5.13147399346759
-0.704015005132400,3.04209944959261
-1.31365797870091,3.67279228404259
0.524162693680590,4.24789641226674
-0.417242643391003,3.85152918665494
0.976166561030987,4.80248633676287
-0.560492947759636,2.52184876836766
-0.837711431998841,2.40712649467859
-0.221795640092283,0.680981475381649
4.40905613532194,-1.12691092248149
-0.278534717963468,4.20642217299869
0.981519173743744,4.75979155890778
-1.16902121969735,4.51219489804146
2.66449158064952,-1.59473795275887
2.24560158965777,5.18198487576640
-0.225230878288329,3.55488615050786
5.21326550880777,-1.18693272420879
-1.53799312336519,4.96470115915398
-0.137302607624586,3.46499375415607
0.377689371693370,4.14744578589875
0.181306127064765,3.30060512912861
3.11054760005371,-1.00504624723072
4.83067984406049,1.31014922104194
3.95911480983318,0.0622781347690260
-0.553667093549770,3.07196186541014
-0.702483866633335,6.21251698637977
0.522484594422942,4.64313869618013
4.21016745868262,0.976714825679804
0.510369033481278,3.83287551602849
4.35524001685303,-0.896517134325198
3.88143920691896,1.78876080698716
3.48787629433771,-0.269117811515301
5.48249200914089,0.337755126482381
-1.00654855029713,5.34872367736225
1.24281560762547,4.57152031614058
3.64336215656543,-2.06785392589894
1.67217178315251,4.32085591955818
3.22419734220352,-0.0529162042438410
1.96196412814476,0.767275235533615
0.0975481205680586,4.80763619029119
-2.04431351576212,2.03666348291303
3.59936416916125,4.60399826751220
-0.139815785163411,4.48336760170559
3.65361223578960,1.64166776565719
-1.55668464105761,3.67790417474369
4.07172649619966,0.271698576816631
-0.0948738468761377,6.49753634845767
-0.769016913165071,2.48787126078440
0.185800764742240,5.45307886949853
5.03189720255733,0.105432133116731
-0.382670129911629,4.12465506705430
0.0467317007725738,2.75058868013999
5.02913526460915,0.234165275703319
-0.213488215961433,3.36968413566153
-0.125125211633851,3.38780316627881
1.51780356279959,4.64734034719016
0.225899928450394,5.27718205477258
-0.593923420744684,5.34175693988093
0.318743278772618,3.03267210485201
4.95340811065670,-1.18119130420734
3.81062369070745,1.82735981636797
1.36204287569952,4.57812861324554
3.59360670682411,0.271848488427945
4.07825147645145,1.53495406833165
0.253604663753273,3.65857242307640
3.91860218011714,4.43973852015573
0.0903676710825116,5.09502531678561
-1.32475970407089,5.35188481593597
-0.702642813046784,3.38923454580698
0.0862805420084462,3.05883388233063
5.38118646739576,-0.00418395236408291
4.51058383979216,-0.649411228479212
-0.0455725631839185,3.80690140044708
3.13898445506792,1.31632916553025
3.22060237393519,-1.25790768172211
1.05205065985355,4.34244086192780
-0.188077363933253,-0.854206812035359
0.495750733345142,5.35259021855017
-0.670583908876693,4.93435362122418
1.13108545206353,3.71583661994904
0.408551704073690,3.93223737480734
1.33533622518702,3.96925205891557
2.89191760310249,4.20076367609783
4.41187239345491,0.0378157261312723
1.98044896648955,-2.04466312269105
2.75326442745894,1.43441258466047
-0.0237289739733025,4.11940918768696
0.603717270051083,5.11777353487251
0.643852559890321,3.22389987052347
1.60739184318896,5.00731606574336
4.65362584802104,0.222846294291366
0.783594482047155,2.77647595317378
2.45468267393090,4.27222808149128
5.93019230475141,0.854503291829247
1.90591495799504,2.89024806346363
0.426845818339087,4.04133853114839
1.42507087302705,2.04168746760601
0.996957059197996,5.05758005818251
6.08229763386041,-0.500831618902939
4.30399072980632,0.940228354078136
4.12444682089274,1.34703257286156
0.726173698190767,5.18342227557164
-2.42624879451814,3.80797883039262
3.02015970510583,-0.142416141817952
0.250247958523936,3.22238939599027
0.866438879465396,2.92097436484994
-0.596705845704908,4.05947520088715
3.30386432187290,-0.155126520487950
4.01155568902272,-0.931632714892688
0.478534738142648,4.71144330651342
0.0125290399782301,4.07009025499658
2.61661238673348,0.602039498407424
0.105002004670152,5.39699186962971
-0.0214282350958546,5.30334594048793
4.91305882186788,0.336006761609593
1.65230239256290,5.79667148374692
-0.813041532463267,3.54880330223310
-1.74655518102518,3.53369235618841
4.29707144579114,1.32156390828768
4.72739949181828,-0.189859546754468
4.98415001436268,1.34286069802676
4.62396774480773,4.18045659397399
3.14749338567931,1.57044512207318
-0.755518329385487,4.37485829096985
4.40815889960162,0.0717559650209099
4.63718719612185,-1.32288690890473
1.96840489859379,3.00428525336397
0.742592440893189,3.16267313130674
-0.109513234792513,5.56605418195135
3.95810603686592,4.03737387820311
-0.247546958869533,3.20490733975572
-0.213278719209367,4.69598409475791
5.22855026476099,-0.116886843479707
0.499465111679186,4.60707774224231
-1.26513373798533,3.59188080878422
1.29557755184215,4.40226959107178
5.50079202362860,-0.538595430604783
-1.24648271094128,2.01978368005805
4.76283530855833,-0.646068400008603
3.85876124467141,1.87006526868762
4.94783044348367,-0.799267451951907
-0.331751630951391,3.38566108077459
4.02510874961979,0.487453486319627
4.99871429824134,4.63730491322565
4.42972691853030,0.418640752298355
-0.980044458729914,3.90428314590765
-0.0983257292323848,3.07649729482505
3.35332430800763,0.120126169333020
2.11486017214416,-3.27058023962973
4.23696355723287,0.329037648409673
0.700584614947947,4.23545918378555
2.67219789098789,0.0187472351421316
0.430931601328845,2.56434713701810
-0.697142784488601,5.60905890957995
0.290890869049860,4.31784413284098
-0.182813647417446,4.31754289369809
2.17466550191594,5.45760062619869
3.33229789457083,3.66134115584123
1.40422769014596,3.69645399273800
0.170537287003762,4.41161707127159
5.28552419423621,-0.157796720583401
3.28606037486295,-1.66852508886549
0.249830745152325,-0.297113196438648
-0.700694144946368,5.43432186578747
0.0272370325037219,4.23298245870587
-0.570524912271689,4.19128307575832
0.0926181090166873,3.62191531997660
2.41718143864583,4.19382561325020
0.590197260264121,3.58738421526071
-0.131632823212938,0.251399569113983
3.85871133269966,4.32550154884489
-0.797193317065807,2.40785039365108
3.45569540876743,4.13848966472587
-0.526208672174475,3.79235464797418
-1.24620467568550,3.20380292159977
3.74742291538541,-0.663473504641571
-1.17496766515119,4.69080372932352
1.21370099057450,4.46808006076318
1.06301161143983,4.85833804014017
-0.255317373174079,0.888106895406895
3.65061065000362,3.92743800490872
2.93733859087980,0.358060712830533
-2.22782648619189,2.70330047457429
-0.648126570909628,4.59286801309661
0.516094526458311,4.77797791533999
-0.993195134784403,3.36040296243077
-0.947193511447005,5.01950924825352
2.17396567853123,4.13252235831854
0.991236609400886,3.74235212153023
1.14523630703133,4.05131735426012
-0.282546616230135,4.20293724670754
-0.0460700963397947,5.32194030144751
0.311359494159605,3.44568859531038
0.124638378116533,4.91525010562176
1.88905573471889,3.27150061641810
0.0824669719670568,0.379055477961254
-1.19481875091991,3.29622521539130
3.50109624629358,0.127666001766580
-0.914207094650443,-1.08790372070346
0.536399894482073,4.26269797364951
2.35605813114680,0.195614906180946
0.190956563006907,1.97869361941413
1.83773066325954,5.23570218901773
2.99328839887063,1.20207163633942
-0.890343361464592,4.39886525212187
5.26238589407881,3.80305664514515
5.17523678320032,-0.746259957707286
3.73207451612977,1.10521297159420
-0.988119666783287,5.88320271773045
0.0221125399776066,3.94973173691833
2.08149057613658,4.33515788239429
6.14575560838014,-0.391153991184174
4.54693363658519,1.65580024379464
-1.57749943427803,2.70158013660875
4.59744199890630,-0.912411580900708
-1.14089127443957,5.44556500919075
-0.964202052122593,4.01350381599338
-0.0604992750679581,2.94369892114694
0.183397245173240,2.78001569071881
-0.633416247560376,3.24050857315310
1.20988866150026,5.44325493550017
4.24616537133545,-0.158542873577091
5.20704960723054,0.580409421491884
1.66829839563800,4.00015040038909
5.73607018743886,-0.962416955530526
5.56317798934963,-0.306006542474860
-0.333750764513308,4.28517588148002
0.394107540488007,3.09548568803975
0.0746053532639125,4.12164712055519
-1.32560767070000,4.78640285553885
0.430264670861318,3.19374238618159
3.86082766487162,0.0929843454444960
5.59569045380155,0.0340999600307464
0.390457604014884,4.35212501019149
0.0499263191619422,4.42026259229153
0.749925475433984,3.30166839684565
0.139839924510915,-0.770480596740442
4.55858473731928,-1.19908274096497
3.51614637919131,0.480953043690989
1.80926686788646,4.53790438583702
3.57283247163574,1.23233659024642
3.99061960224419,0.837570913868104
0.0404658623577777,0.241652095241379
4.23381200030723,3.62308493463121
1.65482871545881,5.37504264196204
4.96517137771764,-1.94454275452995
5.04651037691794,0.668610109078858
0.715659578860797,2.02245856399404
-0.362752385916569,3.44045746018137
-0.749529984413102,3.05694143743683
1.67317648071843,3.45379680517921
-0.196959149665033,4.12729064117697
2.72657016124154,0.191990160973853
-1.37229668455422,5.64129008846686
-1.25342450353653,5.74544847905410
0.475528412226368,4.94678491706955
0.0120093111808395,2.97199967052977
-0.00421836318208203,4.84971784763276
-0.329126795112299,3.34475205199434
2.52441235364198,-0.577388192888084
1.11378468676269,3.92163219447273
1.12817657789350,1.34979744763898
-0.366990889505897,4.62943854596482
4.07995276047865,-0.333469082176879
0.562303101301942,5.23459914043203
-0.303368084109487,3.75148994508754
-1.33869232990382,4.13015150019847
-0.890701730753161,3.56259487738983
0.159359249858920,4.33929757414706
5.32190559815020,-0.236750149925619
-1.69838924684037,4.44512420490328
4.53156316693951,0.902129851748319
2.71276972536988,-0.117606023267627
-0.904660891733000,3.82038245357336
0.506887847201187,4.92545146176854
4.92745139716786,0.0435162303047494
-0.347188913830759,1.78778199093357
1.09997252690440,-0.142652803278443
1.61572185642710,3.80791288464007
-1.33191387604652,3.09055719810342
-0.126428782109730,3.50286945917501
-0.526664363522313,5.54314400250850
3.95254029129802,4.58672375934031
-0.956307259950942,0.780688856360584
1.19784606911370,3.24057276237759
3.24625063292981,3.92563884293178
4.03219129536224,0.612539534971097
0.815681710130701,3.29397204308244
-0.762057325083009,4.92233685394040
-1.25667240156321,3.95483639692149
1.12217046252595,5.97906857265954
3.36897849836197,1.96566970898231
3.59801458186296,-0.746555577485079
2.70739551582397,1.94215196453523
3.49434015744831,-0.709694451270669
-0.633650194952486,3.54249842748694
-0.340191305505536,2.13753565110193
5.15456845237575,-0.948627033810756
3.74776487726722,-2.19711642159671
4.42781051520519,4.60408396160431
0.769719190671204,2.59252532145925
4.60138575620494,0.101877516022217
2.63443572259142,5.90987979064309
-0.258336948364671,0.390563405759765
-0.521447971545394,3.78644382265718
4.13760317867974,-0.150309281469133
3.30294311103635,-0.365377162489528
3.95460290932224,-0.801900272250503
4.88290690682162,-0.738665366265969
0.774743264219689,3.67110901905001
-1.92298762709472,4.78472051617356
-1.34179068718649,4.19335887861432
1.84991948474588,4.65204634085900
-0.673934859075002,4.15202149427020
-0.652452905646990,2.54896141476805
3.64529598787692,4.01550660881336
5.04981696333272,-0.951343566415713
-0.898174164654819,6.00722781089707
5.96072748160473,-0.838501176572047
-0.703542165690645,3.58794484283086
0.502827519901819,4.71087994321986
2.37797747712701,0.265555439939964
0.845694874470237,4.88703268511223
4.35301220032165,0.264572971415737
-1.55369773841647,4.33149596823641
3.59301174906210,3.77347634539496
0.802782955622555,4.12263069242081
3.54891650604382,-1.85186168096067
2.79172152649057,0.163296145163818
3.72919289929015,-0.115062111587052
5.00827939235824,-0.713090468227857
-0.511760561575721,5.08701701250505
0.170358880228343,3.33933515237121
-1.17689657529604,5.46813225555917
-0.879206128852394,5.41583326447008
-1.17088540455923,7.31250179862455
3.84538967536523,0.284518825601969
5.06883131004542,-0.525348902199871
0.736827455678026,5.43815530693581
0.999710542961958,1.98310519051782
-0.302577716611790,4.45628571440686
0.0922701488951337,3.11796033371213
0.914151847156325,2.82766983494174
1.73088996445280,3.36624772893262
4.71112772239525,0.118091342131188
0.224974953823696,3.83810478797093
0.0670792691251341,3.93131845404320
4.24581534121493,-0.950988892989057
3.06054405981553,-0.579374557366317
0.384712613710480,0.219610007685380
0.334218412338639,3.22688100301940
4.00492675367998,-0.330669854991059
-1.21731110349407,4.02757314532685
-0.257283729612637,4.62866140326954
3.28495886489449,-0.634258422238797
4.65320964370981,-1.65506086329728
0.240016404289659,3.89835686929643
-0.615593721310673,4.00739226281797
1.98552328983259,0.925704308400828
6.09381958506504,-1.70545040352314
-1.33563032674799,4.46563053936184
-0.205604395277194,3.01524665049070
0.0128188100519013,3.00871203190330
0.706521961595711,3.88285031654172
0.846679975659340,4.09463791796933
3.94853947514172,4.84708829273597
4.25125421888583,4.29917864899354
3.52090870162613,-0.537416411146631
3.56069670032143,0.543625198019325
5.01760816153842,4.46338648385698
0.208886797355304,4.18516376199670
-0.515434295108356,4.66476993397792
1.60421331604057,-2.18632126064746
3.97970282182496,1.21691424355351
-0.328292356571520,3.77715134554030
0.875841981062512,4.20862778236003
-0.106271224572435,0.000100194754124852
3.86142883963335,4.71926686358228
3.51003076326215,-1.01329738618452
-0.872504992306604,4.00481078750701
-0.945182326502826,3.36761289414629
0.0306444497560864,3.94877097815715
-2.09580242354737,3.67870386524719
-1.27813277911806,4.26016687850824
-2.45230658279242,4.81679528258216
0.940191028830492,5.00792391689601
-1.59503038567523,3.58746881655359
3.69470339051339,2.94104698355044
3.72037633237124,4.65991709726241
3.10519384416338,1.09963430530232
0.320621785270562,3.68265377152627
-1.54387601603669,4.91152228777277
4.31099786062399,3.44285179941025
0.419350780488434,4.47530609607205
4.67788004708576,1.09475860056734
-0.451906126872242,3.85556381059087
-1.08755033899056,2.29966953880159
-0.0468698888932154,3.87975115014965
-0.129614389132764,0.367486807656765
-0.0301719079388879,4.45067174147135
4.26808703385691,4.55273139729986
2.57223823051572,-0.404166843852034
2.97436843740571,1.34806780796253
-0.752918252252773,5.30094878690544
0.957053799536931,4.60731363297899
1.33886002449720,3.82419529694162
-1.14131404300846,4.45335887896906
0.154622225164793,3.54526660899787
-1.56919663776201,6.16936483459631
-0.0522833586540541,4.50855058893982
4.25703989414403,0.323506500526677
4.49731309584730,-0.118273743248105
0.401665551677529,2.81364850120670
4.02651395788592,-0.525009153975086
-0.412582579681816,1.04836193704671
3.18700495798588,0.580668902765997
4.55869921220339,-2.27904321263345
0.741986441535130,3.57492429190662
3.48120856143136,-1.25768045670566
3.53870403203084,-0.0214495470178449
0.612154639955853,3.62651378977349
0.211423644608186,4.33965510045132
-0.288599618143420,4.22268104013464
0.0129533176569559,4.53972559313368
1.57061010531796,4.11077868856516
0.435025944372518,2.70013102955697
-0.848419623244741,4.84798222901664
4.13542583499129,0.913918941503533
1.03738821467146,2.95656885456013
2.84945741294206,3.92322527774683
0.310275784386720,5.37883222577570
4.01798548092326,-0.927389136666403
4.99110589107758,1.50324355716171
-0.946176341570093,3.13110949592219
4.34419462142215,1.14023176647855
-0.381349503180458,3.75697852756122
2.80506065900173,1.38792576788256
-0.701154067969791,2.82772081266355
3.97306803577093,-2.69002601020156
-0.169729900290058,4.40891625120991
0.454965448175826,2.48867811541196
4.11476302300862,-1.12043047989122
2.74924162370302,1.04562927807979
3.87670504751241,-1.00091186938400
-0.747907007887414,5.76941001013656
3.98423843819976,3.94522634599559
1.24230434160745,2.93123745696159
-0.524039706947566,1.89069495368914
1.76117232628818,1.65183946809350
-0.129148683669648,4.82244500357352
1.15958446360817,3.51182773725024
0.276531612995991,4.71375992975931
0.556154766588588,4.82219874070674
-0.815397285213129,4.53011653644556
0.199854428374221,1.51301470374322
1.87258968269025,0.222442165118779
0.591842406757736,3.18986573630328
0.297747125299755,7.14845700213174
1.83792563793760,5.01303480772063
3.56459980520038,0.00852759581440520
-0.541524492482747,3.66133144941702
0.367284384876324,4.46173981215518
4.96623372474690,0.190686653507086
0.951867273446782,3.29315368253707
-0.954599679529988,2.85514935558061
2.91322388582749,-1.38536473140580
-0.906339899963142,3.66529835525287
1.50705914519981,4.48524035441216
-1.18141175440854,2.94655662806435
0.679741687016309,2.84785222691061
-1.36872769340112,5.36717972158852
-0.888030775124628,3.05808820462262
-0.545898863658987,6.31562200718350
5.06068892015919,0.779487274687448
4.22072021530340,-1.02889273699834
3.59884783625214,4.41830139616046
4.22130668028215,3.25888641218291
0.331735806399687,5.68514717368975
1.64899161379895,4.19682734256154
4.46660668609882,-0.142263467476665
1.87299444912028,4.81442256545907
-0.659277119233720,4.04683797518345
-2.06412336365394,4.11092334698396
0.447399823786534,3.64018629000205
1.80141394998576,-0.113138961589101
4.43028891575790,0.256419646253111
-1.67976061123689,4.28077474106886
0.512987575979139,5.60609788783017
1.49794611934548,5.83104043953173
4.69707480386497,2.51089687441593
0.749132359222957,4.32746795412147
-0.541181190845394,3.14403717343800
0.485204951907907,3.34771230557145
3.55588594549681,0.770438478700677
0.862896334168294,3.47265510325844
0.312835740803844,2.47396812186773
5.42729846685381,0.352474775331648
0.486576167729168,3.72964421222428
3.41437991382816,4.30078028588569
4.04425771601773,-0.792000373026998
0.374141565800009,3.02139884946897
2.88048382446644,-0.220470465833554
4.01215665346054,3.11745998072912
0.757822428103236,1.58663300497569
0.940127962477753,5.77543806434792
0.473810786130759,2.46757428020410
0.659133459385648,3.25771020930543
-0.158527345460605,3.53973869002627
-2.15509182423467,3.25831432710804
4.58833766288127,-0.00100721469377554
-0.908872491508975,6.76355821870317
3.11797546787600,0.676712744437671
-0.408920349346272,3.49673719684754
0.225863028898553,4.28412747459409
-1.31549283095657,3.48713519565249
0.364673340137662,-1.10664725488751
-0.571528229377212,5.96920235864218
3.57809267011183,1.60791629974979
0.313425483273621,2.32570509013444
4.23870359984105,1.00771940969608
0.0664155663510904,3.58636574007270
5.35257276180629,-0.463641077155553
3.81179060332653,4.00445638251934
4.62747342297733,4.13455748104390
-0.188624994074144,4.54197461660777
4.72282427474972,-1.75639672373271
-1.81844556478076,4.82240502232737
4.02252202854295,0.142757543294730
4.27617217004344,3.42315929825447
3.94425135984937,-0.195569235490362
-1.28462140162385,4.54922773826619
6.16604095558525,0.0860343253989099
5.08314254760791,-1.92921668094195
-1.08016135217645,4.03310470283158
-0.369569891219455,4.94522829046564
4.02720918443570,0.766358245977441
0.768051386157376,5.41479524704281
-0.577416929434608,3.05038819438238
-0.338508740059431,5.55506440056019
0.979119305487159,3.38532574286819
0.282907327237196,4.10308162402516
0.780336986522748,4.24990496843783
-0.318242169012961,3.68391849925089
1.20927788914294,4.03307642472451
-0.209203188231090,3.73554238702181
2.27631547377706,1.94866547566738
-0.147425602014097,4.01978947512165
-1.45446360712841,4.40845952816189
4.90760796434150,0.468736956260095
5.10382972667096,-1.21580621057112
-1.37576068904464,4.88480429171887
-0.0222347825240930,3.99378551409029
0.578780342986563,2.93772268970205
-0.775567756971329,3.03137778729378
3.94585926596914,0.340920936621397
0.668965727716503,2.26676509704795
0.440353068664935,4.92858240585136
0.515309302896448,0.239919847846610
5.99243860801899,1.45180021264152
-1.66923628630553,3.42412017533925
4.15220434026917,0.114010635918115
5.07928897316020,0.547864351104102
1.18947331295334,4.50062200953586
-0.0657787523695540,4.70001796321945
-0.388645638212440,3.05283653076687
0.972026653868743,5.66471709933398
4.01634183657631,3.64610690338927
0.394095773072677,4.67679426799330
-0.262383012814047,6.60392638933542
4.02187954081957,3.19887710269925
0.814053438852891,5.16845486509034
-0.270016823947575,5.08324135482505
5.35922059062367,-0.623803360745057
-0.00715009010460046,4.36530199137133
0.891462579828106,4.17142943913744
-0.623438936767295,4.45867456479117
-0.687236195194643,5.46224771928369
1.26552383902730,4.06839220589181
2.68724159939596,3.61600676787838
4.82252330368518,3.06246824365886
5.79662203742340,0.768706388592911
0.748700901823779,4.59132752033309
1.42274040128678,0.206384544608085
0.504492459123903,4.91498340808792
3.67911943997767,3.47641040216312
3.74354708397022,0.722423949133227
0.676583791313503,4.61966635183602
0.487097833229057,3.25114173709719
0.998517466468141,3.48400092878545
0.396605875434227,4.56448464124111
3.57295734713228,-0.231170002485506
-0.775825721090159,3.71942304620173
0.106596371378324,2.62638739059894
3.52217705349676,-0.529915767661256
0.384882520423201,3.43951126675406
0.992440159771802,3.24574623711214
3.51153320049458,-0.459894756966946
4.93433394736880,-0.0887880442317249
1.06261529256607,4.51895090614420
-0.537639990493960,3.24245299348335
4.58463667974411,3.42697783997054
0.786271982078182,3.90689728993626
0.318722602108244,3.69434119100626
0.634020587813187,4.45753927026530
-0.604641379429144,3.02989042139426
5.42781017573521,0.00502523465683214
0.407838342118193,4.81209253700459
-0.910264727351533,3.37538244734540
-1.28672686110932,1.38342447806918
3.10051382148059,0.120814375873947
0.0120824140069485,4.76796773981292
0.853925944135430,4.80090866843122
4.93748903881105,-0.0566634829147606
-2.32487271013214,4.59877724659408
3.51975362023618,1.28099648761032
-0.836610296711083,2.78681647508840
2.60338551203088,0.203272203444359
5.17073727371828,-1.54919869904259
-0.455554341629515,5.19763173231650
-0.397727345529411,5.12086529398259
4.88113554369290,-1.82421102235490
0.675617782315173,4.74665873901089
0.971532544278523,6.14924725647774
-0.723341472714881,4.56763675552537
0.440449106654899,5.23670434775478
4.87334434667003,0.144064072685925
-1.01753550965786,5.65390187885839
4.31696287517529,1.47069254380103
-0.884879510836147,3.71617806562717
0.219073020069802,4.64643162975865
4.26149598576572,1.51056717787094
-0.371463023414048,-0.272473024172957
1.56858404400441,3.39477909552364
5.91192231834827,0.217068719815621
-0.677881587860300,4.12834681975167
-1.32263526907890,4.84595098272741
1.02601330613923,3.92405946460757
4.17082323054677,-0.864070038288352
3.91946214719019,-2.07416984112584
-1.12746453839666,4.55671339006145
2.50783395555534,0.583708898773128
2.87726104733699,-2.20958223938116
0.918820074118146,3.57729923621060
0.642823884464927,4.48650943234122
-2.46114827610293,4.00812420042913
0.586558209797849,3.93549559349884
4.20536386330514,-0.0764735035234727
3.18439584598857,-0.532136453983216
4.27775708648555,0.824463889304782
4.29207128471402,0.173224832536062
4.20510709590817,4.58025744921852
-1.55119353856297,4.40122254370716
4.71919711155572,-1.59512775648679
0.719089590310646,4.09633657447371
1.16450097968350,3.76603849680901
-1.91292513689537,4.36626239648588
0.451850012792011,4.39046677421224
4.99650357126120,3.93809056898516
3.69915370970945,-0.140437114739236
-0.606336016724753,4.86016017580919
3.77288256544030,0.940540777587370
5.54644466723276,0.281674366520717
5.07671023372985,0.0805818533677183
1.00194180584221,5.00442374213772
4.72303079172975,0.293121287516400
0.0835826740785325,4.15335173781059
1.39342463656227,2.60229434294381
1.08992963269420,3.62414829475537
4.90531137542612,-0.122511975835753
1.09474621156867,4.00909062969105
-1.03279219038593,2.72957081698087
0.262868045112784,3.17335952127122
0.505646173597484,3.56137540635459
-0.540748103709407,0.220447222264230
3.45475010870012,-1.15243641308556
-0.979346729095462,5.09286278389323